{
  "paris saint-germain": "PSG",
  "paris sg": "PSG",
  "parissg": "PSG",
  "psg": "PSG",
  "olympique de marseille": "Marseille",
  "marseille": "Marseille",
  "olympique lyonnais": "Lyon",
  "lyon": "Lyon",
  "ol": "Lyon",
  "lille osc": "Lille",
  "losc": "Lille",
  "lille": "Lille",
  "as monaco": "Monaco",
  "monaco": "Monaco",
  "rc lens": "Lens",
  "stade rennais": "Rennes",
  "stade rennais fc": "Rennes",
  "rennes": "Rennes",
  "ogc nice": "Nice",
  "nice": "Nice",
  "borussia dortmund": "Dortmund",
  "bayer 04 leverkusen": "Leverkusen",
  "bayer leverkusen": "Leverkusen",
  "borussia monchengladbach": "Gladbach",
  "borussia mönchengladbach": "Gladbach",
  "gladbach": "Gladbach",
  "eintracht frankfurt": "Frankfurt",
  "rb leipzig": "Leipzig",
  "mainz 05": "Mainz",
  "fsv mainz 05": "Mainz",
  "1. fc union berlin": "Union Berlin",
  "union berlin": "Union Berlin",
  "vfb stuttgart": "Stuttgart",
  "vfl wolfsburg": "Wolfsburg",
  "werder bremen": "Werder",
  "fc bayern munich": "Bayern",
  "bayern munich": "Bayern",
  "bayern munchen": "Bayern",
  "manchester city": "Man City",
  "man city": "Man City",
  "manchester united": "Man Utd",
  "man utd": "Man Utd",
  "tottenham hotspur": "Tottenham",
  "spurs": "Tottenham",
  "newcastle united": "Newcastle",
  "west ham united": "West Ham",
  "wolverhampton wanderers": "Wolves",
  "wolves": "Wolves",
  "brighton & hove albion": "Brighton",
  "nottingham forest": "Nottm Forest",
  "leeds united": "Leeds",
  "sheffield united": "Sheff Utd",
  "leicester city": "Leicester",
  "aston villa": "Aston Villa",
  "crystal palace": "Palace",
  "real madrid": "Real Madrid",
  "fc barcelona": "Barcelona",
  "barca": "Barcelona",
  "atletico de madrid": "Atleti",
  "atletico madrid": "Atleti",
  "atleticomadrid": "Atleti",
  "atlanta racing club": "Atleti",
  "athletic club": "Athletic",
  "athletic bilbao": "Athletic",
  "athbilbao": "Athletic",
  "real sociedad": "R. Sociedad",
  "sociedad": "R. Sociedad",
  "real betis": "Betis",
  "betis": "Betis",
  "sevilla fc": "Sevilla",
  "sevilla": "Sevilla",
  "valencia cf": "Valencia",
  "valencia": "Valencia",
  "villarreal cf": "Villarreal",
  "villarreal": "Villarreal",
  "rayo vallecano": "Rayo",
  "vallecano": "Rayo",
  "inter milan": "Inter",
  "internazionale": "Inter",
  "ac milan": "Milan",
  "juventus": "Juve",
  "as roma": "Roma",
  "ssc napoli": "Napoli",
  "ss lazio": "Lazio",
  "atalanta bc": "Atalanta",
  "ac monza": "Monza",
  "us lecce": "Lecce",
  "hellas verona": "Verona",
  "bologna fc": "Bologna",
  "torino fc": "Torino",
  "us salernitana": "Salernitana",
  "acf fiorentina": "Fiorentina",
  "splisbon": "Sporting CP",
  "sporting cp": "Sporting CP",
  "benfica": "Benfica",
  "porto": "Porto",
  "spbraga": "Braga",
  "sc braga": "Braga",
  "vitoriaguimaraes": "Guimaraes",
  "vitoria guimaraes": "Guimaraes",
  "club brugge": "Club Brugge",
  "rsc anderlecht": "Anderlecht",
  "anderlecht": "Anderlecht",
  "royal antwerp": "Antwerp",
  "kaa gent": "Gent",
  "krc genk": "Genk",
  "standard liege": "Standard",
  "union saint-gilloise": "Union SG",
  "union sg": "Union SG",
  "kv mechelen": "Mechelen"
}
